Applicant_Name,Harmonised_Name,Siemens_Group,Patent_Family_ID,Filing_Year,Person_ID,PSN_Sector,Sector
SIEMENS,SIEMENS,Siemens AG,7646799,2000,182238,COMPANY,Company
SIEMENS,SIEMENS,Siemens AG,7646799,2000,5666955,COMPANY,Company
SIEMENS,SIEMENS,Siemens AG,7646799,2000,5666955,COMPANY,Company
SIEMENS,SIEMENS,Siemens AG,7646799,2000,5666955,COMPANY,Company
SIEMENS,SIEMENS,Siemens AG,7646799,2000,5666955,COMPANY,Company
SIEMENS,SIEMENS,Siemens AG,8178973,2001,220,COMPANY,Company
SIEMENS,SIEMENS,Siemens AG,8178973,2001,5210496,COMPANY,Company
SIEMENS,SIEMENS,Siemens AG,8178973,2001,5666955,COMPANY,Company
VOITH SIEMENS HYDRO POWER GENE,VOITHSIEMENSHYDROPOWERGENE,Voith Siemens (JV),32042547,2002,19509004,UNKNOWN,Company
VOITH SIEMENS HYDRO POWER GENERATION & COMPANY,VOITHSIEMENSHYDROPOWERGENERATION,Voith Siemens (JV),32042547,2002,14881937,COMPANY,Company
VOITH SIEMENS HYDRO POWER GENERATION & COMPANY,VOITHSIEMENSHYDROPOWERGENERATION,Voith Siemens (JV),32042547,2002,7233462,COMPANY,Company
VOITH SIEMENS HYDRO POWER GENERATION & COMPANY,VOITHSIEMENSHYDROPOWERGENERATION,Voith Siemens (JV),32042547,2002,7233462,COMPANY,Company
VOITH SIEMENS HYDRO POWER GENERATION & COMPANY,VOITHSIEMENSHYDROPOWERGENERATION,Voith Siemens (JV),32042547,2002,7233463,COMPANY,Company
VOITH SIEMENS HYDRO POWER GENERATION & COMPANY,VOITHSIEMENSHYDROPOWERGENERATION,Voith Siemens (JV),32042547,2002,25599930,COMPANY,Company
VOITH SIEMENS HYDRO POWER GENERATION & COMPANY,VOITHSIEMENSHYDROPOWERGENERATION,Voith Siemens (JV),32042547,2002,16833374,COMPANY,Company
VOITH SIEMENS HYDRO POWER GENERATION & COMPANY,VOITHSIEMENSHYDROPOWERGENERATION,Voith Siemens (JV),32042547,2002,16833374,COMPANY,Company
VOITH SIEMENS HYDRO POWER GENERATION & COMPANY,VOITHSIEMENSHYDROPOWERGENERATION,Voith Siemens (JV),32042547,2002,153793,COMPANY,Company
VOITH SIEMENS HYDRO POWER GENERATION & COMPANY,VOITHSIEMENSHYDROPOWERGENERATION,Voith Siemens (JV),32042547,2002,5995230,COMPANY,Company
VOITH SIEMENS HYDRO POWER GENERATION & COMPANY,VOITHSIEMENSHYDROPOWERGENERATION,Voith Siemens (JV),32042547,2002,1477381,COMPANY,Company
VOITH SIEMENS HYDRO POWER GENERATION & COMPANY,VOITHSIEMENSHYDROPOWERGENERATION,Voith Siemens (JV),32042547,2002,13023443,COMPANY,Company
VOITH SIEMENS HYDRO POWER GENERATION & COMPANY,VOITHSIEMENSHYDROPOWERGENERATION,Voith Siemens (JV),32042547,2002,13023443,COMPANY,Company
VOITH SIEMENS HYDRO POWER GENERATION & COMPANY,VOITHSIEMENSHYDROPOWERGENERATION,Voith Siemens (JV),32042547,2002,13023443,COMPANY,Company
VOITH SIEMENS HYDRO POWER GENERATION & COMPANY,VOITHSIEMENSHYDROPOWERGENERATION,Voith Siemens (JV),32042547,2002,13023443,COMPANY,Company
VOITH SIEMENS HYDRO POWER GENERATION & COMPANY,VOITHSIEMENSHYDROPOWERGENERATION,Voith Siemens (JV),32042547,2002,15427167,COMPANY,Company
VOITH SIEMENS HYDRO POWER GENERATION & COMPANY,VOITHSIEMENSHYDROPOWERGENERATION,Voith Siemens (JV),32042547,2002,15447554,COMPANY,Company
VOITH SIEMENS HYDRO POWER GENERATION & COMPANY,VOITHSIEMENSHYDROPOWERGENERATION,Voith Siemens (JV),32042547,2002,15447554,COMPANY,Company
VOITH SIEMENS HYDRO POWER GENERATIONAND CO.KG,VOITHSIEMENSHYDROPOWERGENERATIONAND,Voith Siemens (JV),32042547,2002,49088629,COMPANY,Company
SIEMENS,SIEMENS,Siemens AG,34924991,2004,220,COMPANY,Company
SIEMENS,SIEMENS,Siemens AG,36216828,2005,5238080,COMPANY,Company
SIEMENS,SIEMENS,Siemens AG,36216828,2005,5666955,COMPANY,Company
SIEMENS,SIEMENS,Siemens AG,37886822,2005,5666955,COMPANY,Company
SIEMENS VAI METALS TECHNOLOGIES & COMPANY,SIEMENSVAIMETALSTECHNOLOGY,Siemens VAI (JV),34916826,2004,8615280,COMPANY,Company
SIEMENS VAI METALS TECHNOLOGIES & COMPANY,SIEMENSVAIMETALSTECHNOLOGY,Siemens VAI (JV),34916826,2004,9253177,COMPANY,Company
SIEMENS VAI METALS TECHNOLOGIES & COMPANY,SIEMENSVAIMETALSTECHNOLOGY,Siemens VAI (JV),34916826,2004,7322095,COMPANY,Company
SIEMENS VAI METALS TECHNOLOGIES & COMPANY,SIEMENSVAIMETALSTECHNOLOGY,Siemens VAI (JV),34916826,2004,7322095,COMPANY,Company
SIEMENS VAI METALS TECHNOLOGIES & COMPANY,SIEMENSVAIMETALSTECHNOLOGY,Siemens VAI (JV),34916826,2004,7322095,COMPANY,Company
SIEMENS VAI METALS TECHNOLOGIES & COMPANY,SIEMENSVAIMETALSTECHNOLOGY,Siemens VAI (JV),34916826,2004,7322095,COMPANY,Company
SIEMENS VAI METALS TECHNOLOGIES & COMPANY,SIEMENSVAIMETALSTECHNOLOGY,Siemens VAI (JV),34916826,2004,20051271,COMPANY,Company
SIEMENS,SIEMENS,Siemens AG,40386307,2008,220,COMPANY,Company
SIEMENS,SIEMENS,Siemens AG,40386307,2008,5218147,COMPANY,Company
SIEMENS,SIEMENS,Siemens AG,40386307,2008,6430744,COMPANY,Company
SIEMENS,SIEMENS,Siemens AG,40386307,2008,6430744,COMPANY,Company
SIEMENS,SIEMENS,Siemens AG,40386307,2008,5238080,COMPANY,Company
SIEMENS,SIEMENS,Siemens AG,40775723,2008,220,COMPANY,Company
SIEMENS,SIEMENS,Siemens AG,40775723,2008,5218147,COMPANY,Company
SIEMENS,SIEMENS,Siemens AG,40775723,2008,6430744,COMPANY,Company
SIEMENS,SIEMENS,Siemens AG,40775723,2008,6430744,COMPANY,Company
SIEMENS,SIEMENS,Siemens AG,40775723,2008,5238080,COMPANY,Company
SIEMENS,SIEMENS,Siemens AG,40933827,2008,64032488,COMPANY,Company
SIEMENS,SIEMENS,Siemens AG,40933827,2008,220,COMPANY,Company
SIEMENS,SIEMENS,Siemens AG,40933827,2008,48889729,COMPANY,Company
SIEMENS,SIEMENS,Siemens AG,40933827,2008,5218147,COMPANY,Company
SIEMENS,SIEMENS,Siemens AG,40933827,2008,5218147,COMPANY,Company
SIEMENS,SIEMENS,Siemens AG,40933827,2008,5210496,COMPANY,Company
SIEMENS,SIEMENS,Siemens AG,40933827,2008,6430744,COMPANY,Company
SIEMENS,SIEMENS,Siemens AG,40933827,2008,6430744,COMPANY,Company
SIEMENS,SIEMENS,Siemens AG,40933827,2008,55686862,COMPANY,Company
SIEMENS,SIEMENS,Siemens AG,40933827,2008,5238080,COMPANY,Company
SIEMENS,SIEMENS,Siemens AG,40933827,2008,5238080,COMPANY,Company
SIEMENS,SIEMENS,Siemens AG,40933827,2008,5238080,COMPANY,Company
SIEMENS,SIEMENS,Siemens AG,40933827,2008,56496527,COMPANY,Company
SIEMENS,SIEMENS,Siemens AG,42102296,2008,220,COMPANY,Company
SIEMENS,SIEMENS,Siemens AG,42102296,2008,5238080,COMPANY,Company
SIEMENS,SIEMENS,Siemens AG,42102296,2008,5238080,COMPANY,Company
SIEMENS,SIEMENS,Siemens AG,42263146,2010,5238080,COMPANY,Company
SIEMENS,SIEMENS,Siemens AG,42263146,2010,220,COMPANY,Company
SIEMENS,SIEMENS,Siemens AG,42270031,2010,5238080,COMPANY,Company
SIEMENS,SIEMENS,Siemens AG,42270031,2010,220,COMPANY,Company
SIEMENS,SIEMENS,Siemens AG,42664644,2009,77496,COMPANY,Company
SIEMENS,SIEMENS,Siemens AG,42664644,2009,5238080,COMPANY,Company
SIEMENS,SIEMENS,Siemens AG,42664644,2009,5238080,COMPANY,Company
SIEMENS,SIEMENS,Siemens AG,43989811,2010,5238080,COMPANY,Company
SIEMENS,SIEMENS,Siemens AG,43989811,2010,5238080,COMPANY,Company
SIEMENS,SIEMENS,Siemens AG,44168190,2010,6430744,COMPANY,Company
SIEMENS,SIEMENS,Siemens AG,44168190,2010,5238080,COMPANY,Company
SIEMENS,SIEMENS,Siemens AG,44168190,2010,5238080,COMPANY,Company
SIEMENS,SIEMENS,Siemens AG,44168190,2010,220,COMPANY,Company
SIEMENS,SIEMENS,Siemens AG,45218991,2011,220,COMPANY,Company
SIEMENS,SIEMENS,Siemens AG,45491535,2011,53237871,COMPANY,Company
SIEMENS,SIEMENS,Siemens AG,45491535,2011,55686862,COMPANY,Company
SIEMENS,SIEMENS,Siemens AG,45491535,2011,6430744,COMPANY,Company
SIEMENS,SIEMENS,Siemens AG,45491535,2011,56496527,COMPANY,Company
SIEMENS,SIEMENS,Siemens AG,45491535,2011,5238080,COMPANY,Company
SIEMENS,SIEMENS,Siemens AG,45491535,2011,5238080,COMPANY,Company
SIEMENS,SIEMENS,Siemens AG,45491535,2011,5238080,COMPANY,Company
SIEMENS,SIEMENS,Siemens AG,45491535,2011,5238080,COMPANY,Company
SIEMENS,SIEMENS,Siemens AG,45491535,2011,5238080,COMPANY,Company
SIEMENS,SIEMENS,Siemens AG,46935647,2011,5217560,COMPANY,Company
SIEMENS,SIEMENS,Siemens AG,46935647,2011,5238080,COMPANY,Company
SIEMENS,SIEMENS,Siemens AG,46935647,2011,5238080,COMPANY,Company
SIEMENS,SIEMENS,Siemens AG,46935647,2011,220,COMPANY,Company
BSH (BOSCH UND SIEMENS HAUSGERAETE),BSHBOSCHUNDSIEMENSHAUSGERAETE,BSH (Bosch/Siemens JV),50878671,2012,40996250,COMPANY,Company
SIEMENS,SIEMENS,Siemens AG,47633033,2012,220,COMPANY,Company
SIEMENS,SIEMENS,Siemens AG,47633033,2012,55686862,COMPANY,Company
SIEMENS,SIEMENS,Siemens AG,47633033,2012,6430744,COMPANY,Company
SIEMENS,SIEMENS,Siemens AG,47633033,2012,56496527,COMPANY,Company
SIEMENS,SIEMENS,Siemens AG,47633033,2012,5238080,COMPANY,Company
SIEMENS,SIEMENS,Siemens AG,47633033,2012,5238080,COMPANY,Company
SIEMENS,SIEMENS,Siemens AG,47633033,2012,5238080,COMPANY,Company
SIEMENS,SIEMENS,Siemens AG,48050677,2012,5210496,COMPANY,Company
SIEMENS,SIEMENS,Siemens AG,48050677,2012,220,COMPANY,Company
SIEMENS,SIEMENS,Siemens AG,48050677,2012,220,COMPANY,Company
SIEMENS,SIEMENS,Siemens AG,48050677,2012,5238080,COMPANY,Company
SIEMENS,SIEMENS,Siemens AG,48446145,2013,48889729,COMPANY,Company
SIEMENS,SIEMENS,Siemens AG,48446145,2013,220,COMPANY,Company
SIEMENS,SIEMENS,Siemens AG,48446145,2013,5238080,COMPANY,Company
SIEMENS,SIEMENS,Siemens AG,48446145,2013,5238080,COMPANY,Company
SIEMENS,SIEMENS,Siemens AG,48446145,2013,5238080,COMPANY,Company
SIEMENS,SIEMENS,Siemens AG,48446145,2013,5238080,COMPANY,Company
SIEMENS,SIEMENS,Siemens AG,48446145,2013,5214747,COMPANY,Company
SIEMENS,SIEMENS,Siemens AG,48746461,2012,5210496,COMPANY,Company
SIEMENS,SIEMENS,Siemens AG,48746461,2012,220,COMPANY,Company
SIEMENS,SIEMENS,Siemens AG,48746461,2012,5238080,COMPANY,Company
SIEMENS,SIEMENS,Siemens AG,48746461,2012,5238080,COMPANY,Company
SIEMENS,SIEMENS,Siemens AG,48746461,2012,5238080,COMPANY,Company
SIEMENS,SIEMENS,Siemens AG,49290246,2012,5238080,COMPANY,Company
SIEMENS,SIEMENS,Siemens AG,53496697,2014,5210496,COMPANY,Company
SIEMENS,SIEMENS,Siemens AG,53496697,2014,55686862,COMPANY,Company
SIEMENS,SIEMENS,Siemens AG,53496697,2014,56496527,COMPANY,Company
SIEMENS,SIEMENS,Siemens AG,53496697,2014,5238080,COMPANY,Company
SIEMENS,SIEMENS,Siemens AG,53496697,2014,5238080,COMPANY,Company
SIEMENS,SIEMENS,Siemens AG,53496697,2014,5238080,COMPANY,Company
SIEMENS,SIEMENS,Siemens AG,55083391,2015,65578589,COMPANY,Company
SIEMENS,SIEMENS,Siemens AG,55083391,2015,55686862,COMPANY,Company
SIEMENS,SIEMENS,Siemens AG,55083391,2015,5210496,COMPANY,Company
SIEMENS,SIEMENS,Siemens AG,55083391,2015,5238080,COMPANY,Company
SIEMENS,SIEMENS,Siemens AG,55083391,2015,5238080,COMPANY,Company
SIEMENS,SIEMENS,Siemens AG,55083391,2015,5238080,COMPANY,Company
SIEMENS,SIEMENS,Siemens AG,55083391,2015,5238080,COMPANY,Company
SIEMENS,SIEMENS,Siemens AG,55083391,2015,56496527,COMPANY,Company
SIEMENS,SIEMENS,Siemens AG,56296812,2015,5238080,COMPANY,Company
SIEMENS,SIEMENS,Siemens AG,56296812,2015,5238080,COMPANY,Company
SIEMENS,SIEMENS,Siemens AG,56296812,2015,5217560,COMPANY,Company
SIEMENS,SIEMENS,Siemens AG,57956257,2016,55686862,COMPANY,Company
SIEMENS,SIEMENS,Siemens AG,57956257,2016,5210496,COMPANY,Company
SIEMENS,SIEMENS,Siemens AG,57956257,2016,5238080,COMPANY,Company
SIEMENS,SIEMENS,Siemens AG,57956257,2016,5238080,COMPANY,Company
SIEMENS,SIEMENS,Siemens AG,57956257,2016,5238080,COMPANY,Company
SIEMENS,SIEMENS,Siemens AG,57956257,2016,5238080,COMPANY,Company
SIEMENS,SIEMENS,Siemens AG,57956257,2016,56496527,COMPANY,Company
SIEMENS,SIEMENS,Siemens AG,59220535,2017,5238080,COMPANY,Company
SIEMENS,SIEMENS,Siemens AG,59745884,2016,55686862,COMPANY,Company
SIEMENS,SIEMENS,Siemens AG,59745884,2016,5214747,COMPANY,Company
SIEMENS,SIEMENS,Siemens AG,59745884,2016,63195986,COMPANY,Company
SIEMENS,SIEMENS,Siemens AG,59745884,2016,5238080,COMPANY,Company
SIEMENS,SIEMENS,Siemens AG,59745884,2016,5238080,COMPANY,Company
SIEMENS,SIEMENS,Siemens AG,59745884,2016,5238080,COMPANY,Company
SIEMENS,SIEMENS,Siemens AG,60452521,2017,59918565,COMPANY,Company
SIEMENS,SIEMENS,Siemens AG,60452521,2017,55686862,COMPANY,Company
SIEMENS,SIEMENS,Siemens AG,60452521,2017,69649035,COMPANY,Company
SIEMENS,SIEMENS,Siemens AG,60452521,2017,5238080,COMPANY,Company
SIEMENS,SIEMENS,Siemens AG,61094410,2017,55686862,COMPANY,Company
SIEMENS,SIEMENS,Siemens AG,61094410,2017,5214747,COMPANY,Company
SIEMENS,SIEMENS,Siemens AG,61094410,2017,69649035,COMPANY,Company
SIEMENS,SIEMENS,Siemens AG,61094410,2017,63195986,COMPANY,Company
SIEMENS,SIEMENS,Siemens AG,61094410,2017,5238080,COMPANY,Company
SIEMENS,SIEMENS,Siemens AG,61094410,2017,5238080,COMPANY,Company
SIEMENS,SIEMENS,Siemens AG,61094410,2017,5238080,COMPANY,Company
SIEMENS,SIEMENS,Siemens AG,61094410,2017,5238080,COMPANY,Company
SIEMENS ENERGY GLOBAL & COMPANY,SIEMENSENERGY,Siemens Energy,55083391,2015,79657292,COMPANY,Company
SIEMENS ENERGY GLOBAL & COMPANY,SIEMENSENERGY,Siemens Energy,56296812,2015,78238310,COMPANY,Company
SIEMENS ENERGY GLOBAL & COMPANY,SIEMENSENERGY,Siemens Energy,56296812,2015,79180144,COMPANY,Company
SIEMENS ENERGY GLOBAL & COMPANY,SIEMENSENERGY,Siemens Energy,56296812,2015,77673339,COMPANY,Company
SIEMENS ENERGY GLOBAL & COMPANY,SIEMENSENERGY,Siemens Energy,56296812,2015,81427567,COMPANY,Company
SIEMENS ENERGY GLOBAL & COMPANY,SIEMENSENERGY,Siemens Energy,57956257,2016,79180144,COMPANY,Company
SIEMENS ENERGY GLOBAL & COMPANY,SIEMENSENERGY,Siemens Energy,60452521,2017,79657292,COMPANY,Company
SIEMENS ENERGY GLOBAL & COMPANY,SIEMENSENERGY,Siemens Energy,60452521,2017,79180144,COMPANY,Company
SIEMENS ENERGY GLOBAL & COMPANY,SIEMENSENERGY,Siemens Energy,60452521,2017,77673339,COMPANY,Company
SIEMENS ENERGY GLOBAL & COMPANY,SIEMENSENERGY,Siemens Energy,60452521,2017,81427567,COMPANY,Company
Siemens Aktiengesellschaft,SIEMENS,Siemens AG,57956257,2016,83055635,UNKNOWN,Company
Siemens Energy Global GmbH & Co. KG,SIEMENSENERGY,Siemens Energy,60452521,2017,97446436,UNKNOWN,Company
SIEMENS,SIEMENS,Siemens AG,62148344,2018,55686862,COMPANY,Company
SIEMENS,SIEMENS,Siemens AG,62148344,2018,5238080,COMPANY,Company
SIEMENS,SIEMENS,Siemens AG,62148344,2018,5238080,COMPANY,Company
SIEMENS,SIEMENS,Siemens AG,62148344,2018,63195986,COMPANY,Company
SIEMENS,SIEMENS,Siemens AG,63079809,2018,55686862,COMPANY,Company
SIEMENS,SIEMENS,Siemens AG,63079809,2018,5238080,COMPANY,Company
SIEMENS,SIEMENS,Siemens AG,66239833,2019,55686862,COMPANY,Company
SIEMENS,SIEMENS,Siemens AG,66239833,2019,5238080,COMPANY,Company
SIEMENS,SIEMENS,Siemens AG,66685576,2018,5238080,COMPANY,Company
SIEMENS,SIEMENS,Siemens AG,68699307,2019,55686862,COMPANY,Company
SIEMENS,SIEMENS,Siemens AG,69423115,2020,55686862,COMPANY,Company
SIEMENS,SIEMENS,Siemens AG,70005579,2020,5238080,COMPANY,Company
SIEMENS,SIEMENS,Siemens AG,74175730,2019,5238080,COMPANY,Company
SIEMENS ENERGY GLOBAL & COMPANY,SIEMENSENERGY,Siemens Energy,63079809,2018,81427567,COMPANY,Company
SIEMENS ENERGY GLOBAL & COMPANY,SIEMENSENERGY,Siemens Energy,63079809,2018,79180144,COMPANY,Company
SIEMENS ENERGY GLOBAL & COMPANY,SIEMENSENERGY,Siemens Energy,63079809,2018,77673339,COMPANY,Company
SIEMENS ENERGY GLOBAL & COMPANY,SIEMENSENERGY,Siemens Energy,68581134,2019,78238310,COMPANY,Company
SIEMENS ENERGY GLOBAL & COMPANY,SIEMENSENERGY,Siemens Energy,68581134,2019,79180144,COMPANY,Company
SIEMENS ENERGY GLOBAL & COMPANY,SIEMENSENERGY,Siemens Energy,68581134,2019,77673339,COMPANY,Company
SIEMENS ENERGY GLOBAL & COMPANY,SIEMENSENERGY,Siemens Energy,68699307,2019,80903026,COMPANY,Company
SIEMENS ENERGY GLOBAL & COMPANY,SIEMENSENERGY,Siemens Energy,68699307,2019,79180144,COMPANY,Company
SIEMENS ENERGY GLOBAL & COMPANY,SIEMENSENERGY,Siemens Energy,68699307,2019,79180144,COMPANY,Company
SIEMENS ENERGY GLOBAL & COMPANY,SIEMENSENERGY,Siemens Energy,68699307,2019,77673339,COMPANY,Company
SIEMENS ENERGY GLOBAL & COMPANY,SIEMENSENERGY,Siemens Energy,68731829,2019,78238310,COMPANY,Company
SIEMENS ENERGY GLOBAL & COMPANY,SIEMENSENERGY,Siemens Energy,68731829,2019,79180144,COMPANY,Company
SIEMENS ENERGY GLOBAL & COMPANY,SIEMENSENERGY,Siemens Energy,68731829,2019,79180144,COMPANY,Company
SIEMENS ENERGY GLOBAL & COMPANY,SIEMENSENERGY,Siemens Energy,68731829,2019,77673339,COMPANY,Company
SIEMENS ENERGY GLOBAL & COMPANY,SIEMENSENERGY,Siemens Energy,68731829,2019,77673339,COMPANY,Company
SIEMENS ENERGY GLOBAL & COMPANY,SIEMENSENERGY,Siemens Energy,69423115,2020,78238310,COMPANY,Company
SIEMENS ENERGY GLOBAL & COMPANY,SIEMENSENERGY,Siemens Energy,69423115,2020,80095615,COMPANY,Company
SIEMENS ENERGY GLOBAL & COMPANY,SIEMENSENERGY,Siemens Energy,69423115,2020,79180144,COMPANY,Company
SIEMENS ENERGY GLOBAL & COMPANY,SIEMENSENERGY,Siemens Energy,69423115,2020,79180144,COMPANY,Company
SIEMENS ENERGY GLOBAL & COMPANY,SIEMENSENERGY,Siemens Energy,69423115,2020,79180144,COMPANY,Company
SIEMENS ENERGY GLOBAL & COMPANY,SIEMENSENERGY,Siemens Energy,69423115,2020,77673339,COMPANY,Company
SIEMENS ENERGY GLOBAL & COMPANY,SIEMENSENERGY,Siemens Energy,70005579,2020,81427567,COMPANY,Company
SIEMENS ENERGY GLOBAL & COMPANY,SIEMENSENERGY,Siemens Energy,70005579,2020,79657292,COMPANY,Company
SIEMENS ENERGY GLOBAL & COMPANY,SIEMENSENERGY,Siemens Energy,70005579,2020,77673339,COMPANY,Company
SIEMENS ENERGY GLOBAL & COMPANY,SIEMENSENERGY,Siemens Energy,72521518,2020,80903026,COMPANY,Company
SIEMENS ENERGY GLOBAL & COMPANY,SIEMENSENERGY,Siemens Energy,72521518,2020,79180144,COMPANY,Company
SIEMENS ENERGY GLOBAL & COMPANY,SIEMENSENERGY,Siemens Energy,72521518,2020,79545971,COMPANY,Company
SIEMENS ENERGY GLOBAL & COMPANY,SIEMENSENERGY,Siemens Energy,72521518,2020,77673339,COMPANY,Company
SIEMENS ENERGY GLOBAL & COMPANY,SIEMENSENERGY,Siemens Energy,72521518,2020,77673339,COMPANY,Company
SIEMENS ENERGY GLOBAL & COMPANY,SIEMENSENERGY,Siemens Energy,72826835,2019,78238310,COMPANY,Company
SIEMENS ENERGY GLOBAL & COMPANY,SIEMENSENERGY,Siemens Energy,72826835,2019,81427567,COMPANY,Company
SIEMENS ENERGY GLOBAL & COMPANY,SIEMENSENERGY,Siemens Energy,72826835,2019,79180144,COMPANY,Company
SIEMENS ENERGY GLOBAL & COMPANY,SIEMENSENERGY,Siemens Energy,72826835,2019,79180144,COMPANY,Company
SIEMENS ENERGY GLOBAL & COMPANY,SIEMENSENERGY,Siemens Energy,72826835,2019,79180144,COMPANY,Company
SIEMENS ENERGY GLOBAL & COMPANY,SIEMENSENERGY,Siemens Energy,72826835,2019,77673339,COMPANY,Company
SIEMENS ENERGY GLOBAL & COMPANY,SIEMENSENERGY,Siemens Energy,74175730,2019,80095615,COMPANY,Company
SIEMENS ENERGY GLOBAL & COMPANY,SIEMENSENERGY,Siemens Energy,74175730,2019,77673339,COMPANY,Company
SIEMENS ENERGY GLOBAL GMBH & CO. KG,SIEMENSENERGY,Siemens Energy,74175730,2019,90223797,UNKNOWN,Company
SIEMENS GAMESA RENEWABLE ENERGY,SIEMENSGAMESARENEWABLEENERGY,Siemens Gamesa,66542159,2019,74753931,COMPANY,Company
SIEMENS GAMESA RENEWABLE ENERGY,SIEMENSGAMESARENEWABLEENERGY,Siemens Gamesa,66542159,2019,72064998,COMPANY,Company
SIEMENS GAMESA RENEWABLE ENERGY,SIEMENSGAMESARENEWABLEENERGY,Siemens Gamesa,66542159,2019,72064998,COMPANY,Company
SIEMENS GAMESA RENEWABLE ENERGY,SIEMENSGAMESARENEWABLEENERGY,Siemens Gamesa,66542159,2019,74290435,COMPANY,Company
SIEMENS GAMESA RENEWABLE ENERGY GMBH & CO. KG,SIEMENSGAMESARENEWABLEENERGY,Siemens Gamesa,66542159,2019,82228552,UNKNOWN,Company
Siemens Energy Global GmbH & Co. KG,SIEMENSENERGY,Siemens Energy,63079809,2018,83508523,UNKNOWN,Company
Siemens Energy Global GmbH & Co. KG,SIEMENSENERGY,Siemens Energy,68581134,2019,83508523,UNKNOWN,Company
Siemens Energy Global GmbH & Co. KG,SIEMENSENERGY,Siemens Energy,68699307,2019,83508523,UNKNOWN,Company
Siemens Energy Global GmbH & Co. KG,SIEMENSENERGY,Siemens Energy,68731829,2019,83508523,UNKNOWN,Company
Siemens Energy Global GmbH & Co. KG,SIEMENSENERGY,Siemens Energy,69423115,2020,83508523,UNKNOWN,Company
Siemens Energy Global GmbH & Co. KG,SIEMENSENERGY,Siemens Energy,69423115,2020,93233720,UNKNOWN,Company
Siemens Energy Global GmbH & Co. KG,SIEMENSENERGY,Siemens Energy,69423115,2020,82652684,UNKNOWN,Company
Siemens Energy Global GmbH & Co. KG,SIEMENSENERGY,Siemens Energy,72826835,2019,83508523,UNKNOWN,Company
Siemens Energy Global GmbH & Co. KG,SIEMENSENERGY,Siemens Energy,74175730,2019,83508523,UNKNOWN,Company
Siemens Energy Global GmbH & Co. \n KG,SIEMENSENERGYNKG,Siemens Energy,69423115,2020,90750911,UNKNOWN,Company
SIEMENS,SIEMENS,Siemens AG,85781079,2021,68603653,COMPANY,Company
SIEMENS,SIEMENS,Siemens AG,85781079,2021,62502663,COMPANY,Company
SIEMENS,SIEMENS,Siemens AG,85781105,2021,68603653,COMPANY,Company
SIEMENS,SIEMENS,Siemens AG,85781105,2021,62502663,COMPANY,Company
SIEMENS,SIEMENS,Siemens AG,86255744,2023,60185121,COMPANY,Company
SIEMENS,SIEMENS,Siemens AG,86282613,2023,55686862,COMPANY,Company
SIEMENS,SIEMENS,Siemens AG,86282613,2023,5238080,COMPANY,Company
SIEMENS ENERGY,SIEMENSENERGY,Siemens Energy,86359600,2023,66552281,COMPANY,Company
"SIEMENS ENERGY (SHENZHEN) CO., LTD.",SIEMENSENERGYSHENZHEN,Siemens Energy,86631176,2023,95636143,UNKNOWN,Company
"SIEMENS ENERGY (SHENZHEN) CO., LTD.",SIEMENSENERGYSHENZHEN,Siemens Energy,86631176,2023,91296475,UNKNOWN,Company
SIEMENS ENERGY GLOBAL & COMPANY,SIEMENSENERGY,Siemens Energy,76601052,2021,80095615,COMPANY,Company
SIEMENS ENERGY GLOBAL & COMPANY,SIEMENSENERGY,Siemens Energy,76601052,2021,79180144,COMPANY,Company
SIEMENS ENERGY GLOBAL & COMPANY,SIEMENSENERGY,Siemens Energy,76601052,2021,79180144,COMPANY,Company
SIEMENS ENERGY GLOBAL & COMPANY,SIEMENSENERGY,Siemens Energy,76601052,2021,79180144,COMPANY,Company
SIEMENS ENERGY GLOBAL & COMPANY,SIEMENSENERGY,Siemens Energy,76601052,2021,79180144,COMPANY,Company
SIEMENS ENERGY GLOBAL & COMPANY,SIEMENSENERGY,Siemens Energy,76601052,2021,77673339,COMPANY,Company
SIEMENS ENERGY GLOBAL & COMPANY,SIEMENSENERGY,Siemens Energy,76601052,2021,77673339,COMPANY,Company
SIEMENS ENERGY GLOBAL & COMPANY,SIEMENSENERGY,Siemens Energy,76730325,2021,79180144,COMPANY,Company
SIEMENS ENERGY GLOBAL & COMPANY,SIEMENSENERGY,Siemens Energy,76730325,2021,79180144,COMPANY,Company
SIEMENS ENERGY GLOBAL & COMPANY,SIEMENSENERGY,Siemens Energy,76730325,2021,79180144,COMPANY,Company
SIEMENS ENERGY GLOBAL & COMPANY,SIEMENSENERGY,Siemens Energy,76730325,2021,80903026,COMPANY,Company
SIEMENS ENERGY GLOBAL & COMPANY,SIEMENSENERGY,Siemens Energy,76730325,2021,77673339,COMPANY,Company
SIEMENS ENERGY GLOBAL & COMPANY,SIEMENSENERGY,Siemens Energy,76730325,2021,77673339,COMPANY,Company
SIEMENS ENERGY GLOBAL & COMPANY,SIEMENSENERGY,Siemens Energy,76971662,2021,80095615,COMPANY,Company
SIEMENS ENERGY GLOBAL & COMPANY,SIEMENSENERGY,Siemens Energy,76971662,2021,79180144,COMPANY,Company
SIEMENS ENERGY GLOBAL & COMPANY,SIEMENSENERGY,Siemens Energy,76971662,2021,79180144,COMPANY,Company
SIEMENS ENERGY GLOBAL & COMPANY,SIEMENSENERGY,Siemens Energy,76971662,2021,79180144,COMPANY,Company
SIEMENS ENERGY GLOBAL & COMPANY,SIEMENSENERGY,Siemens Energy,76971662,2021,79180144,COMPANY,Company
SIEMENS ENERGY GLOBAL & COMPANY,SIEMENSENERGY,Siemens Energy,76971662,2021,77673339,COMPANY,Company
SIEMENS ENERGY GLOBAL & COMPANY,SIEMENSENERGY,Siemens Energy,76971662,2021,77673339,COMPANY,Company
SIEMENS ENERGY GLOBAL & COMPANY,SIEMENSENERGY,Siemens Energy,76971664,2021,80095615,COMPANY,Company
SIEMENS ENERGY GLOBAL & COMPANY,SIEMENSENERGY,Siemens Energy,76971664,2021,79180144,COMPANY,Company
SIEMENS ENERGY GLOBAL & COMPANY,SIEMENSENERGY,Siemens Energy,76971664,2021,79180144,COMPANY,Company
SIEMENS ENERGY GLOBAL & COMPANY,SIEMENSENERGY,Siemens Energy,76971664,2021,79180144,COMPANY,Company
SIEMENS ENERGY GLOBAL & COMPANY,SIEMENSENERGY,Siemens Energy,76971664,2021,77673339,COMPANY,Company
SIEMENS ENERGY GLOBAL & COMPANY,SIEMENSENERGY,Siemens Energy,76971664,2021,77673339,COMPANY,Company
SIEMENS ENERGY GLOBAL & COMPANY,SIEMENSENERGY,Siemens Energy,76971664,2021,79523255,COMPANY,Company
SIEMENS ENERGY GLOBAL & COMPANY,SIEMENSENERGY,Siemens Energy,77998759,2021,79180144,COMPANY,Company
SIEMENS ENERGY GLOBAL & COMPANY,SIEMENSENERGY,Siemens Energy,77998759,2021,79180144,COMPANY,Company
SIEMENS ENERGY GLOBAL & COMPANY,SIEMENSENERGY,Siemens Energy,77998759,2021,79180144,COMPANY,Company
SIEMENS ENERGY GLOBAL & COMPANY,SIEMENSENERGY,Siemens Energy,77998759,2021,77673339,COMPANY,Company
SIEMENS ENERGY GLOBAL & COMPANY,SIEMENSENERGY,Siemens Energy,77998759,2021,77673339,COMPANY,Company
SIEMENS ENERGY GLOBAL & COMPANY,SIEMENSENERGY,Siemens Energy,80682464,2021,80095615,COMPANY,Company
SIEMENS ENERGY GLOBAL & COMPANY,SIEMENSENERGY,Siemens Energy,80682464,2021,79180144,COMPANY,Company
SIEMENS ENERGY GLOBAL & COMPANY,SIEMENSENERGY,Siemens Energy,80682464,2021,79180144,COMPANY,Company
SIEMENS ENERGY GLOBAL & COMPANY,SIEMENSENERGY,Siemens Energy,80682464,2021,79180144,COMPANY,Company
SIEMENS ENERGY GLOBAL & COMPANY,SIEMENSENERGY,Siemens Energy,80682464,2021,77673339,COMPANY,Company
SIEMENS ENERGY GLOBAL & COMPANY,SIEMENSENERGY,Siemens Energy,80682464,2021,79523255,COMPANY,Company
SIEMENS ENERGY GLOBAL & COMPANY,SIEMENSENERGY,Siemens Energy,81384874,2021,79180144,COMPANY,Company
SIEMENS ENERGY GLOBAL & COMPANY,SIEMENSENERGY,Siemens Energy,81384874,2021,79180144,COMPANY,Company
SIEMENS ENERGY GLOBAL & COMPANY,SIEMENSENERGY,Siemens Energy,81384874,2021,79180144,COMPANY,Company
SIEMENS ENERGY GLOBAL & COMPANY,SIEMENSENERGY,Siemens Energy,81384874,2021,79180144,COMPANY,Company
SIEMENS ENERGY GLOBAL & COMPANY,SIEMENSENERGY,Siemens Energy,81384874,2021,77673339,COMPANY,Company
SIEMENS ENERGY GLOBAL & COMPANY,SIEMENSENERGY,Siemens Energy,82019582,2021,79180144,COMPANY,Company
SIEMENS ENERGY GLOBAL & COMPANY,SIEMENSENERGY,Siemens Energy,82019582,2021,79180144,COMPANY,Company
SIEMENS ENERGY GLOBAL & COMPANY,SIEMENSENERGY,Siemens Energy,82019582,2021,77673339,COMPANY,Company
SIEMENS ENERGY GLOBAL & COMPANY,SIEMENSENERGY,Siemens Energy,83444835,2021,79180144,COMPANY,Company
SIEMENS ENERGY GLOBAL & COMPANY,SIEMENSENERGY,Siemens Energy,83444835,2021,79180144,COMPANY,Company
SIEMENS ENERGY GLOBAL & COMPANY,SIEMENSENERGY,Siemens Energy,83444835,2021,77673339,COMPANY,Company
SIEMENS ENERGY GLOBAL & COMPANY,SIEMENSENERGY,Siemens Energy,84361033,2021,80095615,COMPANY,Company
SIEMENS ENERGY GLOBAL & COMPANY,SIEMENSENERGY,Siemens Energy,84361033,2021,79180144,COMPANY,Company
SIEMENS ENERGY GLOBAL & COMPANY,SIEMENSENERGY,Siemens Energy,84361033,2021,79180144,COMPANY,Company
SIEMENS ENERGY GLOBAL & COMPANY,SIEMENSENERGY,Siemens Energy,84361033,2021,79180144,COMPANY,Company
SIEMENS ENERGY GLOBAL & COMPANY,SIEMENSENERGY,Siemens Energy,84361033,2021,77673339,COMPANY,Company
SIEMENS ENERGY GLOBAL & COMPANY,SIEMENSENERGY,Siemens Energy,84982116,2022,78238310,COMPANY,Company
SIEMENS ENERGY GLOBAL & COMPANY,SIEMENSENERGY,Siemens Energy,84982116,2022,79180144,COMPANY,Company
SIEMENS ENERGY GLOBAL & COMPANY,SIEMENSENERGY,Siemens Energy,84982116,2022,79180144,COMPANY,Company
SIEMENS ENERGY GLOBAL & COMPANY,SIEMENSENERGY,Siemens Energy,84982116,2022,77673339,COMPANY,Company
SIEMENS ENERGY GLOBAL & COMPANY,SIEMENSENERGY,Siemens Energy,84982116,2022,79523255,COMPANY,Company
SIEMENS ENERGY GLOBAL & COMPANY,SIEMENSENERGY,Siemens Energy,84982556,2022,78238310,COMPANY,Company
SIEMENS ENERGY GLOBAL & COMPANY,SIEMENSENERGY,Siemens Energy,84982556,2022,79180144,COMPANY,Company
SIEMENS ENERGY GLOBAL & COMPANY,SIEMENSENERGY,Siemens Energy,84982556,2022,79180144,COMPANY,Company
SIEMENS ENERGY GLOBAL & COMPANY,SIEMENSENERGY,Siemens Energy,84982556,2022,77673339,COMPANY,Company
SIEMENS ENERGY GLOBAL & COMPANY,SIEMENSENERGY,Siemens Energy,85036244,2022,79180144,COMPANY,Company
SIEMENS ENERGY GLOBAL & COMPANY,SIEMENSENERGY,Siemens Energy,85036244,2022,79180144,COMPANY,Company
SIEMENS ENERGY GLOBAL & COMPANY,SIEMENSENERGY,Siemens Energy,85036244,2022,77673339,COMPANY,Company
SIEMENS ENERGY GLOBAL & COMPANY,SIEMENSENERGY,Siemens Energy,85036515,2022,79180144,COMPANY,Company
SIEMENS ENERGY GLOBAL & COMPANY,SIEMENSENERGY,Siemens Energy,85036515,2022,79180144,COMPANY,Company
SIEMENS ENERGY GLOBAL & COMPANY,SIEMENSENERGY,Siemens Energy,85036515,2022,77673339,COMPANY,Company
SIEMENS ENERGY GLOBAL & COMPANY,SIEMENSENERGY,Siemens Energy,85036515,2022,79523255,COMPANY,Company
SIEMENS ENERGY GLOBAL & COMPANY,SIEMENSENERGY,Siemens Energy,85251631,2022,79180144,COMPANY,Company
SIEMENS ENERGY GLOBAL & COMPANY,SIEMENSENERGY,Siemens Energy,85251631,2022,79180144,COMPANY,Company
SIEMENS ENERGY GLOBAL & COMPANY,SIEMENSENERGY,Siemens Energy,85251631,2022,77673339,COMPANY,Company
SIEMENS ENERGY GLOBAL & COMPANY,SIEMENSENERGY,Siemens Energy,85251631,2022,79523255,COMPANY,Company
SIEMENS ENERGY GLOBAL & COMPANY,SIEMENSENERGY,Siemens Energy,86426070,2022,79180144,COMPANY,Company
SIEMENS ENERGY GLOBAL & COMPANY,SIEMENSENERGY,Siemens Energy,86426070,2022,79180144,COMPANY,Company
SIEMENS ENERGY GLOBAL & COMPANY,SIEMENSENERGY,Siemens Energy,86426070,2022,77673339,COMPANY,Company
SIEMENS ENERGY GLOBAL & COMPANY,SIEMENSENERGY,Siemens Energy,86760693,2022,79180144,COMPANY,Company
SIEMENS ENERGY GLOBAL & COMPANY,SIEMENSENERGY,Siemens Energy,86760693,2022,79180144,COMPANY,Company
SIEMENS ENERGY GLOBAL & COMPANY,SIEMENSENERGY,Siemens Energy,86760693,2022,79180144,COMPANY,Company
SIEMENS ENERGY GLOBAL & COMPANY,SIEMENSENERGY,Siemens Energy,86760693,2022,77673339,COMPANY,Company
SIEMENS ENERGY GLOBAL & COMPANY,SIEMENSENERGY,Siemens Energy,87059774,2022,79180144,COMPANY,Company
SIEMENS ENERGY GLOBAL & COMPANY,SIEMENSENERGY,Siemens Energy,87059774,2022,79180144,COMPANY,Company
SIEMENS ENERGY GLOBAL & COMPANY,SIEMENSENERGY,Siemens Energy,87059774,2022,77673339,COMPANY,Company
SIEMENS ENERGY GLOBAL & COMPANY,SIEMENSENERGY,Siemens Energy,87196276,2022,79180144,COMPANY,Company
SIEMENS ENERGY GLOBAL & COMPANY,SIEMENSENERGY,Siemens Energy,87196276,2022,79180144,COMPANY,Company
SIEMENS ENERGY GLOBAL & COMPANY,SIEMENSENERGY,Siemens Energy,87196276,2022,79180144,COMPANY,Company
SIEMENS ENERGY GLOBAL & COMPANY,SIEMENSENERGY,Siemens Energy,87196276,2022,77673339,COMPANY,Company
SIEMENS ENERGY GLOBAL & COMPANY,SIEMENSENERGY,Siemens Energy,87196276,2022,79523255,COMPANY,Company
SIEMENS ENERGY GLOBAL & COMPANY,SIEMENSENERGY,Siemens Energy,87847934,2022,79180144,COMPANY,Company
SIEMENS ENERGY GLOBAL & COMPANY,SIEMENSENERGY,Siemens Energy,87847934,2022,79180144,COMPANY,Company
SIEMENS ENERGY GLOBAL & COMPANY,SIEMENSENERGY,Siemens Energy,87847934,2022,77673339,COMPANY,Company
SIEMENS ENERGY GLOBAL & COMPANY,SIEMENSENERGY,Siemens Energy,87933654,2022,79180144,COMPANY,Company
SIEMENS ENERGY GLOBAL & COMPANY,SIEMENSENERGY,Siemens Energy,87933654,2022,79180144,COMPANY,Company
SIEMENS ENERGY GLOBAL & COMPANY,SIEMENSENERGY,Siemens Energy,87933654,2022,77673339,COMPANY,Company
SIEMENS ENERGY GLOBAL & COMPANY,SIEMENSENERGY,Siemens Energy,88236803,2022,79180144,COMPANY,Company
SIEMENS ENERGY GLOBAL & COMPANY,SIEMENSENERGY,Siemens Energy,88236803,2022,79180144,COMPANY,Company
SIEMENS ENERGY GLOBAL & COMPANY,SIEMENSENERGY,Siemens Energy,88236803,2022,79180144,COMPANY,Company
SIEMENS ENERGY GLOBAL & COMPANY,SIEMENSENERGY,Siemens Energy,88236803,2022,77673339,COMPANY,Company
SIEMENS ENERGY GLOBAL & COMPANY,SIEMENSENERGY,Siemens Energy,88600454,2022,79180144,COMPANY,Company
SIEMENS ENERGY GLOBAL & COMPANY,SIEMENSENERGY,Siemens Energy,88600454,2022,79180144,COMPANY,Company
SIEMENS ENERGY GLOBAL & COMPANY,SIEMENSENERGY,Siemens Energy,88600454,2022,79180144,COMPANY,Company
SIEMENS ENERGY GLOBAL & COMPANY,SIEMENSENERGY,Siemens Energy,88600454,2022,77673339,COMPANY,Company
SIEMENS ENERGY GLOBAL & COMPANY,SIEMENSENERGY,Siemens Energy,88647319,2022,79180144,COMPANY,Company
SIEMENS ENERGY GLOBAL & COMPANY,SIEMENSENERGY,Siemens Energy,88647319,2022,79180144,COMPANY,Company
SIEMENS ENERGY GLOBAL & COMPANY,SIEMENSENERGY,Siemens Energy,88647319,2022,79180144,COMPANY,Company
SIEMENS ENERGY GLOBAL & COMPANY,SIEMENSENERGY,Siemens Energy,88647319,2022,77673339,COMPANY,Company
SIEMENS ENERGY GLOBAL & COMPANY,SIEMENSENERGY,Siemens Energy,88923728,2022,79180144,COMPANY,Company
SIEMENS ENERGY GLOBAL & COMPANY,SIEMENSENERGY,Siemens Energy,88923728,2022,79180144,COMPANY,Company
SIEMENS ENERGY GLOBAL & COMPANY,SIEMENSENERGY,Siemens Energy,89095341,2021,80903026,COMPANY,Company
SIEMENS ENERGY GLOBAL & COMPANY,SIEMENSENERGY,Siemens Energy,89983665,2023,79180144,COMPANY,Company
SIEMENS ENERGY GLOBAL & COMPANY,SIEMENSENERGY,Siemens Energy,89983665,2023,79180144,COMPANY,Company
SIEMENS ENERGY GLOBAL & COMPANY,SIEMENSENERGY,Siemens Energy,91193707,2023,79180144,COMPANY,Company
SIEMENS ENERGY GLOBAL & COMPANY,SIEMENSENERGY,Siemens Energy,91193707,2023,79180144,COMPANY,Company
SIEMENS ENERGY GLOBAL & COMPANY,SIEMENSENERGY,Siemens Energy,91582104,2023,79180144,COMPANY,Company
SIEMENS ENERGY GLOBAL & COMPANY,SIEMENSENERGY,Siemens Energy,91582104,2023,79180144,COMPANY,Company
SIEMENS ENERGY GLOBAL & COMPANY,SIEMENSENERGY,Siemens Energy,91582122,2023,79180144,COMPANY,Company
SIEMENS ENERGY GLOBAL & COMPANY,SIEMENSENERGY,Siemens Energy,91582122,2023,79180144,COMPANY,Company
SIEMENS ENERGY GLOBAL & COMPANY,SIEMENSENERGY,Siemens Energy,91924069,2023,79180144,COMPANY,Company
SIEMENS ENERGY GLOBAL & COMPANY,SIEMENSENERGY,Siemens Energy,91924069,2023,79180144,COMPANY,Company
SIEMENS ENERGY GLOBAL GMBH & CO. KG,SIEMENSENERGY,Siemens Energy,76601052,2021,90223797,UNKNOWN,Company
SIEMENS ENERGY GLOBAL GMBH & CO. KG,SIEMENSENERGY,Siemens Energy,76971662,2021,90223797,UNKNOWN,Company
SIEMENS ENERGY GLOBAL GMBH & CO. KG,SIEMENSENERGY,Siemens Energy,76971664,2021,90223797,UNKNOWN,Company
SIEMENS ENERGY GLOBAL GMBH & CO. KG,SIEMENSENERGY,Siemens Energy,81384874,2021,90223797,UNKNOWN,Company
"SIEMENS ENERGY INTERNATIONAL, INC.",SIEMENSENERGY,Siemens Energy,84982116,2022,86668259,UNKNOWN,Government/Non-Profit
"SIEMENS ENERGY INTERNATIONAL, INC.",SIEMENSENERGY,Siemens Energy,84982556,2022,86668259,UNKNOWN,Government/Non-Profit
"SIEMENS ENERGY INTERNATIONAL, INC.",SIEMENSENERGY,Siemens Energy,85036244,2022,86668259,UNKNOWN,Government/Non-Profit
"SIEMENS ENERGY INTERNATIONAL, INC.",SIEMENSENERGY,Siemens Energy,85036515,2022,86668259,UNKNOWN,Government/Non-Profit
"SIEMENS ENERGY INTERNATIONAL, INC.",SIEMENSENERGY,Siemens Energy,85251631,2022,86668259,UNKNOWN,Government/Non-Profit
"SIEMENS ENERGY INTERNATIONAL, INC.",SIEMENSENERGY,Siemens Energy,86426070,2022,86668259,UNKNOWN,Government/Non-Profit
"SIEMENS ENERGY INTERNATIONAL, INC.",SIEMENSENERGY,Siemens Energy,86760693,2022,86668259,UNKNOWN,Government/Non-Profit
"SIEMENS ENERGY INTERNATIONAL, INC.",SIEMENSENERGY,Siemens Energy,87059774,2022,86668259,UNKNOWN,Government/Non-Profit
"SIEMENS ENERGY INTERNATIONAL, INC.",SIEMENSENERGY,Siemens Energy,87196276,2022,86668259,UNKNOWN,Government/Non-Profit
"SIEMENS ENERGY INTERNATIONAL, INC.",SIEMENSENERGY,Siemens Energy,87933654,2022,86668259,UNKNOWN,Government/Non-Profit
"SIEMENS ENERGY INTERNATIONAL, INC.",SIEMENSENERGY,Siemens Energy,88236803,2022,86668259,UNKNOWN,Government/Non-Profit
SIEMENS GAMESA RENEWABLE ENERGY,SIEMENSGAMESARENEWABLEENERGY,Siemens Gamesa,75339417,2021,71568416,COMPANY,Company
SIEMENS GAMESA RENEWABLE ENERGY,SIEMENSGAMESARENEWABLEENERGY,Siemens Gamesa,75339417,2021,57725044,COMPANY,Company
SIEMENS GAMESA RENEWABLE ENERGY,SIEMENSGAMESARENEWABLEENERGY,Siemens Gamesa,75339417,2021,57725044,COMPANY,Company
SIEMENS GAMESA RENEWABLE ENERGY,SIEMENSGAMESARENEWABLEENERGY,Siemens Gamesa,75339417,2021,63583709,COMPANY,Company
SIEMENS GAMESA RENEWABLE ENERGY,SIEMENSGAMESARENEWABLEENERGY,Siemens Gamesa,75339417,2021,63583709,COMPANY,Company
SIEMENS GAMESA RENEWABLE ENERGY,SIEMENSGAMESARENEWABLEENERGY,Siemens Gamesa,75339417,2021,57972526,COMPANY,Company
SIEMENS GAMESA RENEWABLE ENERGY,SIEMENSGAMESARENEWABLEENERGY,Siemens Gamesa,76971679,2021,71568416,COMPANY,Company
SIEMENS GAMESA RENEWABLE ENERGY,SIEMENSGAMESARENEWABLEENERGY,Siemens Gamesa,76971679,2021,57725044,COMPANY,Company
SIEMENS GAMESA RENEWABLE ENERGY,SIEMENSGAMESARENEWABLEENERGY,Siemens Gamesa,76971679,2021,63583709,COMPANY,Company
SIEMENS GAMESA RENEWABLE ENERGY,SIEMENSGAMESARENEWABLEENERGY,Siemens Gamesa,76971679,2021,63583709,COMPANY,Company
SIEMENS GAMESA RENEWABLE ENERGY,SIEMENSGAMESARENEWABLEENERGY,Siemens Gamesa,76971679,2021,57972526,COMPANY,Company
SIEMENS GAMESA RENEWABLE ENERGY,SIEMENSGAMESARENEWABLEENERGY,Siemens Gamesa,76971679,2021,71191019,COMPANY,Company
SIEMENS GAMESA RENEWABLE ENERGY,SIEMENSGAMESARENEWABLEENERGY,Siemens Gamesa,76971686,2021,71568416,COMPANY,Company
SIEMENS GAMESA RENEWABLE ENERGY,SIEMENSGAMESARENEWABLEENERGY,Siemens Gamesa,76971686,2021,57725044,COMPANY,Company
SIEMENS GAMESA RENEWABLE ENERGY,SIEMENSGAMESARENEWABLEENERGY,Siemens Gamesa,76971686,2021,63583709,COMPANY,Company
SIEMENS GAMESA RENEWABLE ENERGY,SIEMENSGAMESARENEWABLEENERGY,Siemens Gamesa,76971686,2021,57972526,COMPANY,Company
SIEMENS GAMESA RENEWABLE ENERGY,SIEMENSGAMESARENEWABLEENERGY,Siemens Gamesa,76971689,2021,71568416,COMPANY,Company
SIEMENS GAMESA RENEWABLE ENERGY,SIEMENSGAMESARENEWABLEENERGY,Siemens Gamesa,76971689,2021,57725044,COMPANY,Company
SIEMENS GAMESA RENEWABLE ENERGY,SIEMENSGAMESARENEWABLEENERGY,Siemens Gamesa,76971689,2021,57725044,COMPANY,Company
SIEMENS GAMESA RENEWABLE ENERGY,SIEMENSGAMESARENEWABLEENERGY,Siemens Gamesa,76971689,2021,63583709,COMPANY,Company
SIEMENS GAMESA RENEWABLE ENERGY,SIEMENSGAMESARENEWABLEENERGY,Siemens Gamesa,76971689,2021,63583709,COMPANY,Company
SIEMENS GAMESA RENEWABLE ENERGY,SIEMENSGAMESARENEWABLEENERGY,Siemens Gamesa,76971689,2021,63583709,COMPANY,Company
SIEMENS GAMESA RENEWABLE ENERGY,SIEMENSGAMESARENEWABLEENERGY,Siemens Gamesa,76971695,2021,71568416,COMPANY,Company
SIEMENS GAMESA RENEWABLE ENERGY,SIEMENSGAMESARENEWABLEENERGY,Siemens Gamesa,76971695,2021,57725044,COMPANY,Company
SIEMENS GAMESA RENEWABLE ENERGY,SIEMENSGAMESARENEWABLEENERGY,Siemens Gamesa,76971695,2021,57972526,COMPANY,Company
SIEMENS GAMESA RENEWABLE ENERGY,SIEMENSGAMESARENEWABLEENERGY,Siemens Gamesa,77168101,2021,57725044,COMPANY,Company
SIEMENS GAMESA RENEWABLE ENERGY,SIEMENSGAMESARENEWABLEENERGY,Siemens Gamesa,77168101,2021,57972526,COMPANY,Company
SIEMENS GAMESA RENEWABLE ENERGY,SIEMENSGAMESARENEWABLEENERGY,Siemens Gamesa,78649234,2021,71568416,COMPANY,Company
SIEMENS GAMESA RENEWABLE ENERGY,SIEMENSGAMESARENEWABLEENERGY,Siemens Gamesa,78649234,2021,57725044,COMPANY,Company
SIEMENS GAMESA RENEWABLE ENERGY,SIEMENSGAMESARENEWABLEENERGY,Siemens Gamesa,78649234,2021,57725044,COMPANY,Company
SIEMENS GAMESA RENEWABLE ENERGY,SIEMENSGAMESARENEWABLEENERGY,Siemens Gamesa,78649234,2021,63583709,COMPANY,Company
SIEMENS GAMESA RENEWABLE ENERGY,SIEMENSGAMESARENEWABLEENERGY,Siemens Gamesa,78649234,2021,63583709,COMPANY,Company
SIEMENS GAMESA RENEWABLE ENERGY,SIEMENSGAMESARENEWABLEENERGY,Siemens Gamesa,78649234,2021,63583709,COMPANY,Company
SIEMENS GAMESA RENEWABLE ENERGY,SIEMENSGAMESARENEWABLEENERGY,Siemens Gamesa,79730656,2022,71568416,COMPANY,Company
SIEMENS GAMESA RENEWABLE ENERGY,SIEMENSGAMESARENEWABLEENERGY,Siemens Gamesa,79730656,2022,57725044,COMPANY,Company
SIEMENS GAMESA RENEWABLE ENERGY,SIEMENSGAMESARENEWABLEENERGY,Siemens Gamesa,79730656,2022,57725044,COMPANY,Company
SIEMENS GAMESA RENEWABLE ENERGY,SIEMENSGAMESARENEWABLEENERGY,Siemens Gamesa,79730656,2022,63583709,COMPANY,Company
SIEMENS GAMESA RENEWABLE ENERGY,SIEMENSGAMESARENEWABLEENERGY,Siemens Gamesa,79730656,2022,63583709,COMPANY,Company
SIEMENS GAMESA RENEWABLE ENERGY,SIEMENSGAMESARENEWABLEENERGY,Siemens Gamesa,79730656,2022,57972526,COMPANY,Company
SIEMENS GAMESA RENEWABLE ENERGY,SIEMENSGAMESARENEWABLEENERGY,Siemens Gamesa,80625023,2022,57725044,COMPANY,Company
SIEMENS GAMESA RENEWABLE ENERGY,SIEMENSGAMESARENEWABLEENERGY,Siemens Gamesa,80625023,2022,63583709,COMPANY,Company
SIEMENS GAMESA RENEWABLE ENERGY,SIEMENSGAMESARENEWABLEENERGY,Siemens Gamesa,81325483,2022,71568416,COMPANY,Company
SIEMENS GAMESA RENEWABLE ENERGY,SIEMENSGAMESARENEWABLEENERGY,Siemens Gamesa,81325483,2022,57725044,COMPANY,Company
SIEMENS GAMESA RENEWABLE ENERGY,SIEMENSGAMESARENEWABLEENERGY,Siemens Gamesa,81325483,2022,57972526,COMPANY,Company
SIEMENS GAMESA RENEWABLE ENERGY,SIEMENSGAMESARENEWABLEENERGY,Siemens Gamesa,81850349,2022,71568416,COMPANY,Company
SIEMENS GAMESA RENEWABLE ENERGY,SIEMENSGAMESARENEWABLEENERGY,Siemens Gamesa,81850349,2022,57725044,COMPANY,Company
SIEMENS GAMESA RENEWABLE ENERGY,SIEMENSGAMESARENEWABLEENERGY,Siemens Gamesa,81850349,2022,57972526,COMPANY,Company
SIEMENS GAMESA RENEWABLE ENERGY,SIEMENSGAMESARENEWABLEENERGY,Siemens Gamesa,81850349,2022,71191019,COMPANY,Company
SIEMENS GAMESA RENEWABLE ENERGY,SIEMENSGAMESARENEWABLEENERGY,Siemens Gamesa,83506111,2022,71568416,COMPANY,Company
SIEMENS GAMESA RENEWABLE ENERGY,SIEMENSGAMESARENEWABLEENERGY,Siemens Gamesa,83506111,2022,57725044,COMPANY,Company
SIEMENS GAMESA RENEWABLE ENERGY,SIEMENSGAMESARENEWABLEENERGY,Siemens Gamesa,83506111,2022,57725044,COMPANY,Company
SIEMENS GAMESA RENEWABLE ENERGY,SIEMENSGAMESARENEWABLEENERGY,Siemens Gamesa,83506111,2022,63583709,COMPANY,Company
SIEMENS GAMESA RENEWABLE ENERGY,SIEMENSGAMESARENEWABLEENERGY,Siemens Gamesa,84365425,2022,63583709,COMPANY,Company
SIEMENS GAMESA RENEWABLE ENERGY,SIEMENSGAMESARENEWABLEENERGY,Siemens Gamesa,86095899,2023,57725044,COMPANY,Company
SIEMENS GAMESA RENEWABLE ENERGY,SIEMENSGAMESARENEWABLEENERGY,Siemens Gamesa,86095899,2023,63583709,COMPANY,Company
SIEMENS GAMESA RENEWABLE ENERGY A,SIEMENSGAMESARENEWABLEENERGYA,Siemens Gamesa,75339417,2021,76260654,COMPANY,Company
SIEMENS GAMESA RENEWABLE ENERGY A,SIEMENSGAMESARENEWABLEENERGYA,Siemens Gamesa,76971679,2021,76260654,COMPANY,Company
SIEMENS GAMESA RENEWABLE ENERGY A,SIEMENSGAMESARENEWABLEENERGYA,Siemens Gamesa,76971686,2021,76260654,COMPANY,Company
SIEMENS GAMESA RENEWABLE ENERGY AS,SIEMENSGAMESARENEWABLEENERGY,Siemens Gamesa,76971679,2021,87449843,UNKNOWN,Company
SIEMENS GAMESA RENEWABLE ENERGY AS,SIEMENSGAMESARENEWABLEENERGY,Siemens Gamesa,76971686,2021,87449843,UNKNOWN,Company
